{
  "metadata": {
    "timestamp": "2025-07-10 20:27:48",
    "test_type": "realistic_performance",
    "target_fps": 60,
    "vsync_enabled": true,
    "visible_window": true,
    "opengl_version": "4.1 Metal - 89.4",
    "gpu_renderer": "Apple M4 Pro"
  },
  "results": [
    {
      "test_name": "10 lights (no shadows)",
      "light_count": 10,
      "shadow_enabled": false,
      "duration_seconds": 10.010992625262588,
      "total_frames": 1057,
      "avg_fps": 105.58393553629003,
      "min_fps": 12.677002694782345,
      "max_fps": 365.7644659883295,
      "p95_fps": 59.95794205256159,
      "p99_fps": 40.07792108650581,
      "frame_time_ms_avg": 9.470481319351222,
      "frame_time_ms_p95": 16.678367462009188,
      "frame_time_ms_p99": 24.9513940513134,
      "memory_mb": 181.15625,
      "input_lag_ms": 0.06839282001838327,
      "lighting_overhead_percent": 0.0,
      "frame_drops": 54
    },
    {
      "test_name": "10 lights (with shadows)",
      "light_count": 10,
      "shadow_enabled": true,
      "duration_seconds": 10.006520874798298,
      "total_frames": 1237,
      "avg_fps": 123.6193893439446,
      "min_fps": 39.777972356367776,
      "max_fps": 842.342372124786,
      "p95_fps": 70.03634983673467,
      "p99_fps": 45.77170573933804,
      "frame_time_ms_avg": 8.08877080886737,
      "frame_time_ms_p95": 14.278299827128649,
      "frame_time_ms_p99": 21.89755195751808,
      "memory_mb": 187.90625,
      "input_lag_ms": 0.031241725094273098,
      "lighting_overhead_percent": 0.0,
      "frame_drops": 23
    },
    {
      "test_name": "25 lights (no shadows)",
      "light_count": 25,
      "shadow_enabled": false,
      "duration_seconds": 10.005171624943614,
      "total_frames": 1788,
      "avg_fps": 178.70757914260932,
      "min_fps": 39.95771145046946,
      "max_fps": 1665.9725886269255,
      "p95_fps": 69.71230756975336,
      "p99_fps": 56.89416692807156,
      "frame_time_ms_avg": 5.595139490067542,
      "frame_time_ms_p95": 14.344728901050976,
      "frame_time_ms_p99": 17.576504289172586,
      "memory_mb": 192.25,
      "input_lag_ms": 0.017071474589390775,
      "lighting_overhead_percent": 0.0,
      "frame_drops": 40
    },
    {
      "test_name": "25 lights (with shadows)",
      "light_count": 25,
      "shadow_enabled": true,
      "duration_seconds": 10.007400583010167,
      "total_frames": 1441,
      "avg_fps": 143.99343646205435,
      "min_fps": 44.76668091150868,
      "max_fps": 852.7272780698316,
      "p95_fps": 69.01013638884801,
      "p99_fps": 60.37472306503054,
      "frame_time_ms_avg": 6.944161492072196,
      "frame_time_ms_p95": 14.490624889731407,
      "frame_time_ms_p99": 16.56322479248047,
      "memory_mb": 192.25,
      "input_lag_ms": 0.008849832659107708,
      "lighting_overhead_percent": 0.0,
      "frame_drops": 13
    },
    {
      "test_name": "50 lights (no shadows)",
      "light_count": 50,
      "shadow_enabled": false,
      "duration_seconds": 10.002342792227864,
      "total_frames": 4217,
      "avg_fps": 421.60122759207394,
      "min_fps": 46.3180972988978,
      "max_fps": 1611.2789998664448,
      "p95_fps": 89.52470863626603,
      "p99_fps": 72.21997233987922,
      "frame_time_ms_avg": 2.371344518248599,
      "frame_time_ms_p95": 11.17010060697794,
      "frame_time_ms_p99": 13.846589829772714,
      "memory_mb": 192.5625,
      "input_lag_ms": 0.011059053627368198,
      "lighting_overhead_percent": 0.0,
      "frame_drops": 25
    },
    {
      "test_name": "50 lights (with shadows)",
      "light_count": 50,
      "shadow_enabled": true,
      "duration_seconds": 10.002778875175864,
      "total_frames": 2226,
      "avg_fps": 222.53815942330962,
      "min_fps": 39.91186219127289,
      "max_fps": 854.7008098525963,
      "p95_fps": 81.9670920568081,
      "p99_fps": 69.60667624718873,
      "frame_time_ms_avg": 4.493053927841895,
      "frame_time_ms_p95": 12.200021068565547,
      "frame_time_ms_p99": 14.366447809152305,
      "memory_mb": 192.65625,
      "input_lag_ms": 0.011683241501852187,
      "lighting_overhead_percent": 0.0,
      "frame_drops": 8
    }
  ]
}